SAMPLE,CNV,INTERVAL,KB,CHR,MID_BP,TARGETS,NUM_TARG,Q_EXACT,Q_SOME,Q_NON_DIPLOID,Q_START,Q_STOP,MEAN_RD,MEAN_ORIG_RD,img_path
NA12878,DUP,1:16892371-16976649,84.28,1,16934510,1821..1843,23,9,92,99,20,30,3.38,77.63,/home/rt2776/cnv_espresso/project4_method_development/images/1037_NA12878_1_16892371_16976649_NAtgs_40wins_DUP.png
NA12878,DUP,1:248616045-248637670,21.63,1,248626857,18199..18200,2,33,36,36,8,12,6.16,168.75,/home/rt2776/cnv_espresso/project4_method_development/images/1038_NA12878_1_248616045_248637670_NAtgs_4wins_DUP.png
NA12878,DEL,1:248737040-248790433,53.39,1,248763736,18203..18205,3,53,99,99,21,11,-8.57,9.37,/home/rt2776/cnv_espresso/project4_method_development/images/1039_NA12878_1_248737040_248790433_NAtgs_4wins_DEL.png
NA12878,DEL,8:12232139-12237337,5.2,8,12234738,75374..75380,7,38,95,99,26,20,-4.5,0.23,/home/rt2776/cnv_espresso/project4_method_development/images/1040_NA12878_8_12232139_12237337_NAtgs_7wins_DEL.png
NA12878,DUP,9:39118058-39178375,60.32,9,39148216,82758..82764,7,14,77,77,8,37,3.3,91.44,/home/rt2776/cnv_espresso/project4_method_development/images/1041_NA12878_9_39118058_39178375_NAtgs_10wins_DUP.png
NA12878,DUP,9:69113565-69447971,334.41,9,69280768,82823..82836,14,12,67,67,5,23,2.46,66.62,/home/rt2776/cnv_espresso/project4_method_development/images/1042_NA12878_9_69113565_69447971_NAtgs_44wins_DUP.png
NA12878,DEL,10:46959934-47000288,40.35,10,46980111,90166..90175,10,3,42,42,4,6,-2.48,32.62,/home/rt2776/cnv_espresso/project4_method_development/images/1043_NA12878_10_46959934_47000288_NAtgs_11wins_DEL.png
NA12878,DUP,11:62569009-62594721,25.71,11,62581865,99883..99895,13,3,30,30,5,2,2.22,143.35,/home/rt2776/cnv_espresso/project4_method_development/images/1044_NA12878_11_62569009_62594721_NAtgs_13wins_DUP.png
NA12878,DUP,11:63662980-63668361,5.38,11,63665670,100031..100037,7,29,65,65,32,4,3.2,216.23,/home/rt2776/cnv_espresso/project4_method_development/images/1045_NA12878_11_63662980_63668361_NAtgs_7wins_DUP.png
NA12878,DUP,11:118920218-118921935,1.72,11,118921076,104276..104278,3,3,36,36,7,3,4.61,217.62,/home/rt2776/cnv_espresso/project4_method_development/images/1046_NA12878_11_118920218_118921935_NAtgs_3wins_DUP.png
NA12878,DEL,12:9659666-9706692,47.03,12,9683179,106618..106625,8,12,39,39,12,28,-2.74,0.2,/home/rt2776/cnv_espresso/project4_method_development/images/1047_NA12878_12_9659666_9706692_NAtgs_14wins_DEL.png
NA12878,DEL,14:24459360-24470779,11.42,14,24465069,119701..119704,4,8,53,53,8,5,-4.19,53.42,/home/rt2776/cnv_espresso/project4_method_development/images/1048_NA12878_14_24459360_24470779_NAtgs_5wins_DEL.png
NA12878,DUP,14:106733497-106878092,144.6,14,106805794,124666..124674,9,4,38,38,6,3,2.62,85.62,/home/rt2776/cnv_espresso/project4_method_development/images/1049_NA12878_14_106733497_106878092_NAtgs_19wins_DUP.png
NA12878,DEL,21:10906853-10998390,91.54,21,10952621,164886..164905,20,16,99,99,20,17,-3.97,63.13,/home/rt2776/cnv_espresso/project4_method_development/images/1050_NA12878_21_10906853_10998390_NAtgs_25wins_DEL.png
NA12878,DEL,22:22550349-23241876,691.53,22,22896112,167360..167407,48,4,99,99,4,19,-3.35,39.98,/home/rt2776/cnv_espresso/project4_method_development/images/1051_NA12878_22_22550349_23241876_NAtgs_61wins_DEL.png
